match_index,strategy,bet_fractions,true_outcome,odds,wealth
0,complete,"[0.0, 0.012108643415269828, 0.011746899150034061]",H,"[1.63, 4.38, 5.3]",0.9761444574346961
1,complete,"[0.026523798370058336, 0.0, 0.0]",A,"[8.18, 5.84, 1.34]",0.9502533986656483
2,complete,"[0.0, 0.0, 0.013004299534717673]",H,"[1.16, 8.56, 16.22]",0.9378960188355167
3,complete,"[0.0011233592110875207, 0.008213084079836338, 0.0]",A,"[2.73, 3.36, 2.71]",0.9291394058428756
4,complete,"[0.0, 0.0, 0.024044974221455764]",H,"[1.35, 5.7, 8.25]",0.9067982727812449
5,complete,"[0.0, 0.001954033518562311, 0.015723703203359567]",D,"[2.47, 3.42, 2.97]",0.8968280782861189
6,complete,"[0.0, 0.0026442699036138516, 0.0]",A,"[2.49, 3.65, 2.8]",0.894456622789991
7,complete,"[0.0, 0.00869376402275235, 0.0013042996754495041]",H,"[2.5, 3.4, 2.95]",0.8855137885000581
8,complete,"[0.0, 0.00672598643496884, 0.0]",A,"[4.19, 3.93, 1.84]",0.8795578347706289
9,complete,"[0.02236865346813248, 0.0, 0.0]",D,"[5.09, 4.39, 1.63]",0.8598833103594637
10,complete,"[0.0, 0.02382685144472947, 0.0]",H,"[2.51, 3.66, 2.76]",0.8393949984637266
11,complete,"[0.0, 0.01671275826223016, 0.01024721516174434]",A,"[2.17, 3.68, 3.33]",0.8454077972589105
12,complete,"[0.0, 0.010619583193715603, 0.02070598373299352]",H,"[1.84, 3.67, 4.56]",0.8189249187255147
13,complete,"[0.0, 0.0, 0.008507214008248018]",H,"[1.08, 13.21, 25.71]",0.8119581491852296
14,complete,"[0.05260605130471547, 0.0, 0.0]",A,"[2.59, 3.28, 2.92]",0.7692442371319095
15,complete,"[0.0, 0.006377777648367175, 0.016051273312465888]",H,"[1.45, 4.87, 7.03]",0.7519908189359508
16,complete,"[0.016830121884126817, 0.006334246582419817, 0.0]",A,"[4.55, 3.98, 1.77]",0.7345714265226582
17,complete,"[0.0, 0.008005326065338015, 0.0]",D,"[3.05, 3.73, 2.28]",0.7506251472627907
18,complete,"[0.035804946714922244, 0.0, 0.0]",A,"[4.46, 4.03, 1.78]",0.7237490538621658
19,complete,"[0.0, 0.0, 0.01869598731453801]",H,"[1.25, 7.05, 10.11]",0.7102178507322499
20,complete,"[0.0, 0.012582395813364861, 0.010938569411073141]",D,"[1.34, 5.87, 8.1]",0.7459685825586722
21,complete,"[0.0, 0.0, 0.03201372030932747]",H,"[1.79, 3.9, 4.51]",0.7220873529970934
22,complete,"[0.009888739082458542, 0.004566903044314286, 0.0]",A,"[2.82, 3.38, 2.62]",0.7116491166378986
23,complete,"[0.0062227916189571035, 0.01882243175320468, 0.0]",D,"[3.14, 3.53, 2.32]",0.7411099388125136
24,complete,"[0.014137093043118193, 0.007384813902659756, 0.0]",A,"[4.8, 4.09, 1.71]",0.7251598396727995
25,complete,"[0.0, 0.0019119089251166028, 0.027997304334740198]",D,"[2.02, 3.7, 3.71]",0.7086007057880864
26,complete,"[0.022600781428046973, 0.0, 0.0]",A,"[7.69, 5.64, 1.37]",0.69258577611681
27,complete,"[0.0, 0.015081504090903275, 0.01482934810856741]",D,"[1.63, 4.4, 5.06]",0.7178289802814757
28,complete,"[0.0, 0.0, 0.01783764604017407]",H,"[2.5, 3.96, 2.62]",0.7050246010138356
29,complete,"[0.0369829493535531, 0.0, 0.0]",A,"[3.93, 4.31, 1.82]",0.6789507119015319
30,complete,"[0.02173551396718101, 0.009424235097384588, 0.0]",A,"[4.5, 4.13, 1.74]",0.6577947780914719
31,complete,"[0.0, 0.01972778630157963, 0.009000803961018034]",D,"[1.38, 5.13, 8.05]",0.7054684240228462
32,complete,"[0.0, 0.013101989263411815, 0.013446075221712043]",D,"[1.62, 4.13, 5.48]",0.7249133568418016
33,complete,"[0.0, 0.016083524703437567, 0.012920208569602647]",D,"[2.4, 3.53, 2.97]",0.7450450046395357
34,complete,"[0.0, 0.00327920827993663, 0.011871848959922666]",A,"[1.21, 7.23, 12.71]",0.8461775201411083
35,complete,"[0.0, 0.00026108050986853044, 0.011493452282837607]",H,"[1.17, 8.43, 14.62]",0.8362310987321588
36,complete,"[0.0, 0.01605088987697551, 0.013842264983748983]",H,"[1.51, 4.45, 6.48]",0.8112335129984046
37,complete,"[0.007167337698328775, 0.0, 0.0]",A,"[3.32, 3.97, 2.06]",0.8054191284585435
38,complete,"[0.02133146013900601, 0.0, 0.0]",A,"[3.03, 3.62, 2.32]",0.7882383624246371
39,complete,"[0.02447319295345679, 0.0, 0.0]",A,"[3.41, 3.71, 2.1]",0.7689476528877022
40,complete,"[0.041386765747596685, 0.0, 0.0]",A,"[3.59, 3.93, 1.99]",0.7371233965054745
41,complete,"[0.0, 0.004859766071990297, 0.023793626949783347]",H,"[1.59, 4.47, 5.44]",0.7160023101198585
42,complete,"[0.0, 0.012873508835916465, 0.0]",H,"[2.89, 3.54, 2.47]",0.7067848480539939
43,complete,"[0.0, 0.011921587438766106, 0.0]",D,"[2.54, 3.43, 2.88]",0.7272600216545176
44,complete,"[0.0, 0.005657993023450146, 0.013077725016000758]",H,"[1.28, 6.36, 9.45]",0.7136342829474336
45,complete,"[0.0, 0.010938022817884174, 0.0]",D,"[2.27, 3.5, 3.24]",0.7331486531236922
46,complete,"[0.0, 0.0012870015978646771, 0.019693591610583882]",H,"[1.55, 4.77, 5.48]",0.717766759471182
47,complete,"[0.0, 0.009575253855086683, 0.0]",D,"[2.92, 3.76, 2.35]",0.7367356845198575
48,complete,"[0.0, 0.007885368921905077, 0.010353914575394061]",D,"[1.79, 3.91, 4.51]",0.7460130352484751
49,complete,"[0.0, 0.0071148910591129115, 0.013724472367697357]",D,"[1.85, 3.66, 4.54]",0.7498931518823583
50,complete,"[0.014487173470138977, 0.0020272513044094385, 0.0]",D,"[5.18, 4.54, 1.6]",0.7444109051279063
51,complete,"[0.0, 0.0, 0.015262683449676283]",H,"[1.18, 8.27, 14.09]",0.7330491971264521
52,complete,"[0.0, 0.0008080560358096407, 0.025716386883441994]",D,"[2.23, 3.63, 3.22]",0.7157556872669373
53,complete,"[0.0, 0.014532492289331449, 0.013182272686590207]",H,"[1.75, 4.3, 4.32]",0.6959186866141549
54,complete,"[0.0, 0.02466337998430477, 0.0]",H,"[2.76, 3.35, 2.69]",0.6787549796080117
55,complete,"[0.0, 0.007904052392335464, 0.004619752806554656]",A,"[2.49, 3.32, 3.03]",0.6797554955383057
56,complete,"[0.02711775838396737, 0.0, 0.0]",A,"[8.09, 5.63, 1.36]",0.6613220502501239
57,complete,"[0.012608035451502901, 0.009011523385639635, 0.0]",D,"[4.34, 3.77, 1.85]",0.6694919463616226
58,complete,"[0.0, 0.0, 0.01826128518426573]",A,"[2.42, 3.9, 2.75]",0.6908870672435103
59,complete,"[0.0, 0.007747921273774543, 0.02453587407266546]",H,"[1.65, 4.37, 5.01]",0.6685826105571188
60,complete,"[0.024332616629845413, 0.0, 0.0]",A,"[6.38, 4.71, 1.5]",0.6523142462090511
61,complete,"[0.0, 0.0, 0.012438174504877915]",H,"[1.13, 9.46, 19.13]",0.644200647782685
62,complete,"[0.0, 0.0, 0.026281894508818838]",H,"[2.14, 3.62, 3.44]",0.6272698343151478
63,complete,"[0.02775857943737458, 0.00189716377677754, 0.0]",H,"[3.35, 3.63, 2.17]",0.6669982815898086
64,complete,"[0.0, 0.00973088766446982, 0.009193581986278851]",H,"[1.23, 7.15, 10.66]",0.6543756928527608
65,complete,"[0.0, 0.006942479046368054, 0.018625357863148655]",H,"[1.81, 4.02, 4.29]",0.6376447218603494
66,complete,"[0.0054123608887584225, 0.007980534238384322, 0.0]",D,"[3.18, 3.59, 2.27]",0.6473734094417839
67,complete,"[0.0, 0.022817608512566596, 0.0043806402228357385]",D,"[2.22, 3.87, 3.09]",0.6869317418071018
68,complete,"[0.0, 0.013842170889348283, 0.012753867814617773]",D,"[1.5, 4.81, 6.2]",0.7143985723657869
69,complete,"[0.0, 0.003173204568216581, 0.0]",H,"[2.95, 3.99, 2.25]",0.7121316395524283
70,complete,"[0.0, 0.0036893372204876216, 0.021721785957662776]",H,"[1.5, 5.01, 5.88]",0.6940355747407033
71,complete,"[0.0, 0.012299234952245441, 0.0]",A,"[2.46, 3.5, 2.94]",0.6854994681417507
72,complete,"[0.0, 0.025040968344561102, 0.0]",A,"[2.4, 3.43, 3.07]",0.6683338976597996
73,complete,"[0.0, 0.002355281682766914, 0.019205009966353395]",H,"[1.72, 4.37, 4.43]",0.6539244239072609
74,complete,"[0.0, 0.0038154034995467774, 0.011183836658631065]",A,"[2.01, 3.91, 3.55]",0.6700785674292199
75,complete,"[0.006149849035953098, 0.0, 0.0]",A,"[2.34, 3.53, 3.09]",0.6659576853973025
76,complete,"[0.02159098842872782, 0.0, 0.0]",H,"[5.01, 4.13, 1.68]",0.7236162109618389
77,complete,"[0.021262182001906018, 0.0, 0.0]",A,"[9.01, 5.92, 1.32]",0.7082305513848387
78,complete,"[0.0, 0.007665661166215958, 0.017780249701691793]",H,"[1.62, 4.47, 5.08]",0.690208979900371
79,complete,"[0.0, 0.004046659471899922, 0.010181032219831477]",H,"[2.41, 3.28, 3.19]",0.680388899331484
80,complete,"[0.027746049736828964, 0.0005024945539078993, 0.0]",A,"[3.14, 3.35, 2.43]",0.661168903373793
81,complete,"[0.0, 0.010863348841667175, 0.011012300439300671]",D,"[1.86, 4.0, 4.03]",0.6754354380905541
82,complete,"[0.0, 0.006207104208007605, 0.021577998727824014]",H,"[1.65, 4.35, 4.94]",0.6566683949166995
83,complete,"[0.0, 0.013106017535897116, 0.012915177862410893]",D,"[1.66, 4.34, 4.9]",0.6769324728465457
84,complete,"[0.0, 0.0, 0.01144217375523016]",H,"[1.1, 11.9, 20.73]",0.6691868938716778
85,complete,"[0.0, 0.02786672808554828, 0.0]",D,"[2.8, 3.38, 2.63]",0.7135692509913224
86,complete,"[0.0, 0.015116871006596373, 0.01602417821031049]",H,"[1.75, 4.35, 4.28]",0.6913479558265303
87,complete,"[0.009008191798867736, 0.0, 0.0]",H,"[4.05, 3.98, 1.86]",0.7103427305333438
88,complete,"[0.0, 0.0023271321555566947, 0.0]",H,"[2.94, 3.73, 2.35]",0.7086896691236537
89,complete,"[0.0, 0.04501582872049481, 0.0]",D,"[2.54, 3.4, 2.9]",0.7852550757506647
90,complete,"[0.015545767432982246, 0.0, 0.0]",H,"[3.85, 3.69, 1.99]",0.8200461451827525
91,complete,"[0.013894624545032395, 0.0007584785862117772, 0.0]",H,"[5.29, 4.48, 1.6]",0.8683054185856932
92,complete,"[0.0, 0.006689677506279127, 0.001615094135706955]",D,"[2.28, 3.63, 3.13]",0.8821798604839135
93,complete,"[0.0, 0.006564456003385163, 0.015400155726097117]",H,"[1.39, 5.54, 7.11]",0.8628031223728155
94,complete,"[0.0, 0.002919786846533131, 0.02652475951728607]",H,"[2.15, 3.51, 3.53]",0.8373982758332612
95,complete,"[0.0, 0.021472280369606005, 0.0]",H,"[2.7, 3.45, 2.69]",0.8194174252735448
96,complete,"[0.003239450991568416, 0.01047100736242678, 0.0]",D,"[2.55, 3.34, 2.92]",0.8368404572722138
97,complete,"[0.0, 0.004154452995261399, 0.016486660300352007]",H,"[1.97, 4.07, 3.55]",0.8195671385833051
98,complete,"[0.021881141765520314, 0.0, 0.0]",D,"[2.61, 3.81, 2.58]",0.8016340738376019
99,complete,"[0.0, 0.005415872685151535, 0.016287975413773904]",H,"[2.04, 3.73, 3.61]",0.7842355296681078
100,complete,"[0.0, 0.0034123710147366745, 0.004538278994012724]",H,"[2.59, 3.56, 2.73]",0.7780003474472905
101,complete,"[0.0, 0.0117647863166095, 0.0]",A,"[2.79, 3.44, 2.6]",0.7688473396053253
102,complete,"[0.0, 0.018589813113047977, 0.005325726102882045]",D,"[2.2, 3.55, 3.37]",0.801199126566762
103,complete,"[0.0, 0.0, 0.023840689533823605]",H,"[1.99, 3.84, 3.7]",0.7820979869355131
104,complete,"[0.007775207220925677, 0.011571604321411981, 0.0]",H,"[4.49, 4.18, 1.74]",0.7942704574551912
105,complete,"[0.0, 0.005456968449204377, 0.02110076031781017]",H,"[1.42, 5.45, 6.7]",0.7731764380784436
106,complete,"[0.0, 0.0, 0.017865239891396142]",H,"[1.39, 5.34, 7.62]",0.759363455533797
107,complete,"[0.0, 0.0, 0.0033408254035682617]",A,"[2.71, 3.29, 2.78]",0.7638791388203608
108,complete,"[0.0, 0.0013329034501037061, 0.014241956585535986]",A,"[1.25, 6.95, 9.87]",0.8593588761067328
109,complete,"[0.0, 0.008849161133393874, 0.001155551543685856]",D,"[2.75, 3.53, 2.59]",0.8776054937010518
110,complete,"[0.02732871004777849, 0.0, 0.0]",A,"[7.05, 4.78, 1.46]",0.8536216676273582
111,complete,"[0.0, 0.015033908664210754, 0.010774739010789432]",H,"[1.38, 5.03, 8.73]",0.8315908467598176
112,complete,"[0.0, 0.018663574317785942, 0.009370587501373637]",D,"[1.63, 4.06, 5.59]",0.8712909521306201
113,complete,"[0.0, 0.008528346578306943, 0.002329130891854421]",A,"[2.42, 3.62, 2.91]",0.8677363407045925
114,complete,"[0.0, 0.00370013129823182, 0.002819119854518941]",D,"[2.5, 3.38, 2.97]",0.8729316453330176
115,complete,"[0.0, 0.01266515480856575, 0.01705285791249133]",A,"[1.64, 4.11, 5.43]",0.9278207192738316
116,complete,"[0.0, 0.004491730867386135, 0.01593046805457006]",A,"[1.48, 4.98, 6.13]",0.9994777703362077
117,complete,"[0.021483483489726528, 0.0, 0.0]",A,"[10.83, 5.79, 1.28]",0.9780055061588411
118,complete,"[0.009393077770262274, 0.012106988359900083, 0.0]",D,"[5.24, 4.25, 1.64]",1.007301303536442
119,complete,"[0.0, 0.004671559410998961, 0.01898410593037291]",A,"[1.5, 4.58, 6.49]",1.1075793390814552
120,complete,"[0.0, 0.014583631181384896, 0.013241959236320577]",D,"[1.39, 5.33, 7.66]",1.1628532673966359
121,complete,"[0.0, 0.0012425958506933972, 0.022284054293771755]",H,"[1.65, 4.33, 4.98]",1.135495225405247
122,complete,"[0.0012274585276548743, 0.0056363491698949, 0.0]",D,"[3.16, 3.52, 2.31]",1.150229571986966
123,complete,"[0.0, 0.007027415976379858, 0.023736772623099162]",H,"[1.78, 3.75, 4.85]",1.114843692501661
124,complete,"[0.019441509434617327, 0.0024564347715459304, 0.0]",A,"[2.86, 3.6, 2.46]",1.0904309075246665
125,complete,"[0.02472813333443827, 0.0, 0.0]",A,"[7.07, 4.76, 1.46]",1.0634665866514041
126,complete,"[0.0, 0.014642388353136075, 0.018459697690418952]",H,"[1.7, 4.3, 4.6]",1.0282636241956236
127,complete,"[0.0, 0.008807653645049438, 0.01595602561959868]",H,"[1.55, 4.36, 6.17]",1.0028000336065384
128,complete,"[0.0, 0.008829888726491463, 0.01382739723649225]",D,"[1.75, 4.35, 4.28]",1.0185968717771796
129,complete,"[0.0, 0.02282133065749935, 0.012072631906238716]",H,"[2.08, 3.76, 3.48]",0.983053990665846
130,complete,"[0.005891788716508087, 0.019696854505783103, 0.0]",A,"[3.15, 3.41, 2.39]",0.9578989728304481
131,complete,"[0.0, 0.009724901793941296, 0.0]",H,"[2.95, 3.43, 2.52]",0.9485834993911548
132,complete,"[0.0, 0.014166889127855208, 0.00986413899241161]",H,"[2.16, 3.4, 3.62]",0.9257880626428648
133,complete,"[0.0, 0.009672041371281791, 0.011314354300060036]",H,"[1.36, 5.41, 8.26]",0.9063591080524367
134,complete,"[0.023372530391998204, 0.002248172316779812, 0.0]",D,"[4.29, 4.04, 1.8]",0.8913696626790023
135,complete,"[0.0248668681272142, 0.0, 0.0]",A,"[8.92, 5.79, 1.33]",0.8692040908245642
136,complete,"[0.0, 0.010588129621908198, 0.01790613180184248]",H,"[1.45, 4.87, 7.03]",0.8444367622300155
137,complete,"[0.0, 0.008115671232796245, 0.01836942486182439]",H,"[1.8, 3.91, 4.44]",0.8220717734365232
138,complete,"[0.0, 0.005834862630218669, 0.00025093052788364116]",H,"[2.37, 3.69, 2.94]",0.8170688146622741
139,complete,"[0.0, 0.0, 0.011323730539095595]",H,"[2.67, 3.92, 2.47]",0.8078165475731403
140,complete,"[0.0, 0.0, 0.024575160431831375]",H,"[1.37, 5.48, 7.77]",0.7879643263170422
141,complete,"[0.010781079513102278, 0.0, 0.0]",H,"[2.88, 3.75, 2.38]",0.8039351257014049
142,complete,"[0.017911275242535312, 0.0, 0.0]",D,"[5.38, 4.39, 1.6]",0.7895356223878248
143,complete,"[0.0, 0.004554464342477856, 0.012324184365945614]",A,"[1.68, 4.05, 5.18]",0.8266127097069822
144,complete,"[0.021975350470904667, 0.0, 0.0]",D,"[5.33, 4.22, 1.63]",0.8084476057074671
145,complete,"[0.024341363254342274, 0.005655392724130392, 0.0]",A,"[3.68, 3.76, 2.01]",0.7841968001576798
146,complete,"[0.023544825849723693, 0.0045514087657291015, 0.0]",D,"[4.69, 4.07, 1.73]",0.7766904676502604
147,complete,"[0.01992345711492744, 0.0, 0.0]",A,"[3.23, 4.13, 2.07]",0.7612161084264575
148,complete,"[0.0, 0.0, 0.024780806359633083]",H,"[1.95, 3.88, 3.76]",0.742352559445708
149,complete,"[0.0, 0.013219915447317784, 0.008885483967387633]",D,"[1.23, 6.63, 12.95]",0.7910083060032875
150,complete,"[0.0, 0.007799870118108768, 0.012616013046966504]",D,"[1.32, 6.04, 8.88]",0.8121245356223125
151,complete,"[0.0, 0.0, 0.019477633422007697]",H,"[1.3, 6.02, 8.95]",0.7963062716244428
152,complete,"[0.0, 0.007805048590665869, 0.013104593769913008]",A,"[1.91, 3.91, 3.93]",0.820666404185154
153,complete,"[0.0, 0.006856507158197618, 0.004912845542524322]",H,"[2.67, 3.38, 2.76]",0.8110076918246657
154,complete,"[0.0, 0.01689826484457996, 0.004939975800521621]",A,"[1.9, 3.89, 3.97]",0.8092019534210237
155,complete,"[0.0, 0.0034670411688815456, 0.026254258585451995]",A,"[1.6, 4.65, 5.07]",0.8928635560797552
156,complete,"[0.0, 0.008636395666507778, 0.014960900427857981]",H,"[1.33, 6.05, 8.44]",0.8717943903750729
157,complete,"[0.03610532389412708, 0.0, 0.0]",A,"[4.47, 4.51, 1.69]",0.8403179715414978
158,complete,"[0.0, 0.01125606193579636, 0.01896048207262358]",D,"[1.72, 4.27, 4.49]",0.8553149923131106
159,complete,"[0.0, 0.020579691596561096, 0.0]",H,"[3.3, 3.79, 2.14]",0.8377128735533917
160,complete,"[0.0, 0.0, 0.004961336542934273]",A,"[2.39, 3.47, 3.07]",0.8463161568219288
161,complete,"[0.02251236921523322, 0.005951660378482571, 0.0]",A,"[4.69, 4.02, 1.74]",0.8222265886885097
162,complete,"[0.006922617081611875, 0.005183020605657469, 0.0]",D,"[2.8, 3.83, 2.41]",0.8285950059659876
163,complete,"[0.022703845911747785, 0.0, 0.0]",A,"[6.75, 4.17, 1.54]",0.8097827126272921
164,complete,"[0.026923987593956297, 0.0, 0.0]",D,"[5.48, 4.09, 1.64]",0.7879801329187146
165,complete,"[0.0, 0.004140539650962638, 0.02120271108805498]",D,"[1.42, 5.06, 7.35]",0.7845192295344662
166,complete,"[0.004058143096567573, 0.0, 0.0]",A,"[2.63, 3.58, 2.68]",0.7813355382390064
167,complete,"[0.0, 0.0035240003621508794, 0.0127892487817521]",A,"[1.86, 3.87, 4.16]",0.8101590263938693
168,complete,"[0.03442866842572227, 0.0, 0.0]",A,"[4.47, 4.37, 1.71]",0.7822663299020488
169,complete,"[0.0, 0.007470054784283694, 0.015275238185820314]",D,"[1.34, 5.73, 8.52]",0.7979571225575192
170,complete,"[0.0, 0.01523954595620987, 0.007814023721044807]",D,"[1.92, 3.85, 3.94]",0.8263793037583339
171,complete,"[0.0, 0.01225009906718027, 0.013368956899256058]",A,"[1.47, 4.98, 6.32]",0.8750305272663411
172,complete,"[0.0, 0.004175274202758515, 0.01752327807602149]",H,"[1.94, 4.02, 3.69]",0.8560436316249239
173,complete,"[0.0, 0.0, 0.01816230533732468]",H,"[2.37, 3.81, 2.87]",0.8404959058052798
174,complete,"[0.005914990590533795, 0.014353105270859057, 0.0]",A,"[3.28, 3.62, 2.21]",0.8234606542153101
175,complete,"[0.011942343915437227, 0.0038809115487726384, 0.0]",H,"[3.95, 3.74, 1.94]",0.849275324736143
176,complete,"[0.0, 0.0, 0.00976922982313939]",H,"[1.08, 13.84, 24.96]",0.8409785589056742
177,complete,"[0.0, 0.008603254758572015, 0.01397591676598226]",D,"[1.64, 4.54, 4.96]",0.8548375534366514
178,complete,"[0.0, 7.252809814405216e-05, 0.010331620477155213]",H,"[1.15, 8.67, 20.05]",0.8459436965229511
179,complete,"[0.02361724907671206, 0.0, 0.0]",A,"[8.42, 5.9, 1.33]",0.8259648335372941
180,complete,"[0.0, 0.012189112231622395, 0.018054281270463858]",H,"[1.64, 4.13, 5.4]",0.8009848540577406
181,complete,"[0.0, 0.010460949490579482, 0.0]",A,"[2.69, 3.18, 2.88]",0.7926057919567233
182,complete,"[0.0, 0.00292323834615491, 0.006408767153819404]",D,"[2.37, 3.59, 3.0]",0.7935271329103839
183,complete,"[0.0, 0.0, 0.02526684619418698]",D,"[1.63, 4.91, 4.57]",0.773477204892223
184,complete,"[0.02789102589285472, 0.0, 0.0]",A,"[7.32, 5.34, 1.4]",0.7519041321430411
185,complete,"[0.0, 0.010829656589884157, 0.009117579441667632]",D,"[1.99, 3.91, 3.62]",0.7687443193860146
186,complete,"[0.02691111073871596, 0.0, 0.0]",H,"[7.1, 5.2, 1.42]",0.8949396767894254
187,complete,"[0.0, 0.0, 0.0038015363509943476]",A,"[2.72, 3.68, 2.54]",0.9001789811878491
188,complete,"[0.02383167975062048, 0.0, 0.0]",A,"[6.98, 4.93, 1.44]",0.8787262039899405
189,complete,,A,"[2.97, 4.06, 2.22]",0.8787262039899405
190,complete,"[0.0, 0.0007340156635614353, 0.017983523092215053]",H,"[1.32, 5.64, 9.41]",0.8622786122110424
191,complete,"[0.0, 0.017228642782797145, 0.012649208746230729]",H,"[1.75, 3.91, 4.82]",0.8365155798587447
192,complete,"[0.020940244515201264, 0.0, 0.0]",D,"[3.69, 3.97, 1.95]",0.8189987390757272
193,complete,"[0.0, 0.001480504347040779, 0.02095565623868772]",H,"[1.32, 6.41, 8.2]",0.800623551846315
194,complete,"[0.032584118045241556, 0.0, 0.0]",A,"[2.95, 3.59, 2.41]",0.774535939523154
195,complete,"[0.01978824796172781, 0.0, 0.0]",D,"[4.62, 3.7, 1.82]",0.7592092302966
196,complete,"[0.0, 0.014074639332956034, 0.01687544020388169]",D,"[1.56, 4.46, 5.71]",0.783369402816073
197,complete,"[0.0, 0.0011329264358849625, 0.01931054715125303]",D,"[1.29, 6.14, 9.37]",0.7728038605404851
198,complete,"[0.025064976523043406, 0.0, 0.0]",A,"[3.44, 3.22, 2.31]",0.7534335499191206
199,complete,"[0.023159397593472776, 0.0, 0.0]",D,"[4.9, 4.56, 1.65]",0.735984482776282
200,complete,"[0.0, 0.01672710762102777, 0.0112134457282721]",D,"[1.5, 4.96, 6.17]",0.7764826916590089
201,complete,"[0.0010705751481729351, 0.008758981433954784, 0.0]",H,"[3.03, 3.54, 2.41]",0.7713689988165138
202,complete,"[0.02135586714109865, 0.0010670941551262608, 0.0]",D,"[5.28, 4.24, 1.65]",0.757562664615294
203,complete,"[0.0, 0.01856397100586045, 0.0]",A,"[3.26, 3.31, 2.36]",0.7434992932742532
204,complete,"[0.01597309484321695, 0.013571334965446649, 0.0]",A,"[4.01, 3.76, 1.93]",0.7215330305913211
205,complete,"[0.0, 0.0, 0.019580377250697324]",H,"[1.36, 5.73, 7.91]",0.7074051416535042
206,complete,"[0.0, 0.0078014673661877774, 0.018582566971455244]",H,"[1.4, 5.54, 6.88]",0.6887409401054929
207,complete,"[0.01885884576979937, 0.011241200527608117, 0.0]",A,"[3.84, 3.78, 1.96]",0.6680098059213976
208,complete,"[0.0, 0.0, 0.019416944139540572]",H,"[1.31, 5.97, 9.23]",0.6550390968351565
209,complete,"[0.0, 0.009574086782977572, 0.012318280051412812]",A,"[1.65, 4.33, 4.99]",0.680962826283179
210,complete,"[0.02804305652480419, 0.0, 0.0]",A,"[6.49, 5.33, 1.43]",0.6618665472544293
211,complete,"[0.0193319151745739, 0.008876408796122842, 0.0]",A,"[4.38, 3.91, 1.81]",0.6431964012641099
212,complete,"[0.0, 0.008047598223970397, 0.0]",A,"[2.65, 3.49, 2.7]",0.6380202150476327
213,complete,"[0.0, 0.021149364305052525, 0.012060732091861408]",D,"[1.53, 4.4, 6.38]",0.6762038788356546
214,complete,"[0.008781365663764171, 0.0, 0.0]",H,"[2.97, 3.45, 2.46]",0.6879017260765784
215,complete,"[0.0, 0.0075325320320847895, 0.0070109915506604194]",A,"[2.11, 3.77, 3.39]",0.6942467512121864
216,complete,"[0.0, 0.0, 0.022662575672517515]",H,"[1.4, 4.92, 8.27]",0.6785133316774408
217,complete,"[0.024275079697692315, 0.0, 0.0]",A,"[7.76, 5.51, 1.37]",0.6620423664750242
218,complete,"[0.0, 0.006869404769407561, 0.017414811485341106]",H,"[1.38, 5.69, 7.16]",0.6459651864777392
219,complete,"[0.0, 0.003815479837619033, 0.013691265002681953]",H,"[2.11, 3.7, 3.45]",0.6346564387823559
220,complete,"[0.0, 0.024110309693101274, 0.00869439241259989]",A,"[1.68, 3.83, 5.5]",0.644185460061399
221,complete,"[0.0, 0.0, 0.01072858165491868]",H,"[1.1, 11.75, 21.77]",0.637274263752219
222,complete,"[0.02453482113999126, 0.00033737827063362054, 0.0]",A,"[7.05, 5.17, 1.42]",0.6214238511849146
223,complete,"[0.02719485996465761, 0.0, 0.0]",A,"[6.86, 4.74, 1.47]",0.6045243165732426
224,complete,"[0.0, 0.012398876216245747, 0.00922662507414914]",H,"[2.03, 4.09, 3.36]",0.5914511751851128
225,complete,"[0.0, 0.0008283157994200674, 0.0160071108789074]",A,"[2.06, 3.7, 3.59]",0.6154818963924003
226,complete,"[0.0, 0.0, 0.023837764199062583]",A,"[1.46, 5.37, 5.94]",0.6879601552284701
227,complete,"[0.0, 0.008881080773703686, 0.019551381245879382]",D,"[1.55, 4.46, 5.99]",0.6956495947401751
228,complete,"[0.0, 0.014529424806877913, 0.0052030371686576]",A,"[2.32, 3.48, 3.18]",0.6934326959826551
229,complete,"[0.0, 0.00462803319356691, 0.009642035741749612]",H,"[2.46, 3.43, 2.99]",0.6835373636089802
230,complete,"[0.02292711606137773, 0.0025326980389418154, 0.0]",A,"[4.68, 4.35, 1.68]",0.6661346294008731
231,complete,"[0.0, 0.015197756650808221, 0.015235883513460951]",H,"[1.81, 3.7, 4.73]",0.6458617277887281
232,complete,"[0.0, 0.0011408122983571063, 0.018601755062362425]",A,"[2.0, 3.71, 3.78]",0.6785242902138833
233,complete,"[0.0, 0.011187155284460935, 0.012149464373228775]",A,"[1.71, 4.14, 4.74]",0.7017649966367933
234,complete,"[0.011593056693514917, 0.004089719012871466, 0.0]",H,"[3.43, 3.56, 2.17]",0.7186644863689092
235,complete,"[0.0, 0.0, 0.020286153310324885]",A,"[2.12, 3.88, 3.11]",0.7494260454416486
236,complete,"[0.0, 0.0083686823412853, 0.007716412829446967]",A,"[1.98, 3.49, 3.83]",0.7595198894565641
237,complete,"[0.0, 0.03698838986863383, 0.0017046277901664054]",H,"[1.93, 3.63, 3.85]",0.7301317729616112
238,complete,"[0.0, 0.014426275454191449, 0.014108042909523682]",H,"[1.36, 5.92, 7.51]",0.7092979605044609
239,complete,"[0.024878240598170585, 0.0, 0.0]",D,"[7.36, 4.73, 1.45]",0.6916518751872393
240,complete,"[0.007688988172385385, 0.0005521862335555111, 0.0]",H,"[2.92, 3.65, 2.43]",0.701480712471776
241,complete,"[0.021969740200342102, 0.0, 0.0]",A,"[9.47, 5.42, 1.34]",0.6860693634632202
242,complete,"[0.0, 0.006557901328185281, 0.017175892489758787]",D,"[1.41, 5.02, 7.6]",0.692372194099187
243,complete,"[0.0, 0.007420872985934352, 0.0034380685170562002]",H,"[2.23, 3.38, 3.47]",0.6848537649451667
244,complete,"[0.0, 0.008696390963507362, 0.01968911245345762]",H,"[1.99, 4.09, 3.49]",0.6654138460601944
245,complete,"[0.029509640729847676, 0.0, 0.0]",A,"[6.01, 4.65, 1.52]",0.645777722526292
246,complete,"[0.0, 0.0, 0.012613361680401083]",A,"[2.43, 3.71, 2.83]",0.6606838557285387
247,complete,"[0.0, 0.022630683864865987, 0.008640767152374145]",A,"[1.79, 3.5, 5.17]",0.6695378883006338
248,complete,"[0.0, 0.0, 0.017802764169781053]",H,"[1.19, 8.22, 12.7]",0.6576182631724843
249,complete,"[0.0, 0.0, 0.019379327353194562]",H,"[2.46, 3.84, 2.73]",0.6448740635770255
